HUD frame time nsec:,109641000

Range Index,Elapsed Time, First Event,Last Event
0,13024,2,2
1,54464,16,16
2,69408,23,23
3,62336,30,30
4,67936,37,37
5,63968,44,44
6,65248,51,51
7,64768,58,58
8,63648,65,65
9,67904,72,72
10,61728,79,79
11,69760,86,86
12,62304,93,93
13,69248,100,100
14,62592,107,107
15,67744,114,114
16,64000,121,121
17,65504,128,128
18,65536,135,135
19,63936,142,142
20,67936,149,149
21,62240,156,156
22,68928,163,163
23,62592,170,170
24,69280,177,177
25,62656,184,184
26,67104,191,191
27,64480,198,198
28,65408,205,205
29,65312,212,212
30,63904,219,219
31,67872,226,226
32,61696,233,233
33,731744,240,240
34,63264,247,247
35,68928,254,254
36,62688,261,261
37,67616,268,268
38,64064,275,275
39,65344,282,282
40,65504,289,289
41,63872,296,296
42,67904,303,303
43,62368,310,310
44,69536,317,317
45,62048,324,324
46,69536,331,331
47,62464,338,338
48,67136,345,345
49,220640,352,352
50,66048,359,359
51,64288,366,366
52,67648,373,373
53,62656,380,380
54,67424,387,387
55,62912,394,394
56,66112,401,401
57,65504,408,408
58,64096,415,415
59,67904,422,422
60,62496,429,429
61,69536,436,436
62,62336,443,443
63,69312,450,450
64,62848,457,457
65,67616,464,464
66,64224,471,471
67,65440,478,478
68,65632,485,485
69,64000,492,492
70,68256,499,499
71,61920,506,506
72,69600,513,513
73,62080,520,520
74,69568,527,527
75,62656,534,534
76,67936,541,541
77,64000,548,548
78,65568,555,555
79,65408,562,562
80,64128,569,569
81,68064,576,576
82,62176,583,583
83,69696,590,590
84,62240,597,597
85,69440,604,604
86,62656,611,611
87,67840,618,618
88,64096,625,625
89,65440,632,632
90,65664,639,639
91,63968,646,646
92,67872,653,653
93,62336,660,660
94,69600,667,667
95,62112,674,674
96,69600,681,681
97,62592,688,688
98,67872,695,695
99,64064,702,702
100,65536,709,709
101,63488,716,716
102,68384,723,723
103,62848,730,730
104,67872,737,737
105,63840,744,744
106,65504,751,751
107,65760,758,758
108,64064,765,765
109,67904,772,772
110,62496,779,779
111,69472,786,786
112,62304,793,793
113,69504,800,800
114,62688,807,807
115,68096,814,814
116,64128,821,821
117,65472,828,828
118,65568,835,835
119,64096,842,842
120,68032,849,849
121,62496,856,856
122,69632,863,863
123,62240,870,870
124,69664,877,877
125,62656,884,884
126,67936,891,891
127,64128,898,898
128,65792,905,905
129,65312,912,912
130,64192,919,919
131,67840,926,926
132,62624,933,933
133,69568,940,940
134,62304,947,947
135,69504,954,954
136,62912,961,961
137,67648,968,968
138,64160,975,975
139,65504,982,982
140,65696,989,989
141,64000,996,996
142,68032,1003,1003
143,62432,1010,1010
144,76768,1017,1017
145,62048,1024,1024
146,69568,1031,1031
147,62720,1038,1038
148,68000,1045,1045
149,64192,1052,1052
150,65408,1059,1059
151,62688,1066,1066
152,69408,1073,1073
153,62336,1080,1080
154,68256,1087,1087
155,63872,1094,1094
156,65824,1101,1101
157,65152,1108,1108
158,63776,1115,1115
159,68032,1122,1122
160,62336,1129,1129
161,69696,1136,1136
162,62016,1143,1143
163,69728,1150,1150
164,62496,1157,1157
165,67744,1164,1164
166,64128,1171,1171
167,65568,1178,1178
168,65568,1185,1185
169,63968,1192,1192
170,67968,1199,1199
171,62432,1206,1206
172,69664,1213,1213
173,62080,1220,1220
174,69792,1227,1227
175,62496,1234,1234
176,67776,1241,1241
177,64256,1248,1248
178,65312,1255,1255
179,65568,1262,1262
180,64064,1269,1269
181,67872,1276,1276
182,62400,1283,1283
183,69664,1290,1290
184,62208,1297,1297
185,69248,1304,1304
186,62656,1311,1311
187,68032,1318,1318
188,64032,1325,1325
189,65440,1332,1332
190,65472,1339,1339
191,64192,1346,1346
192,67712,1353,1353
193,62496,1360,1360
194,69568,1367,1367
195,62112,1374,1374
196,69632,1381,1381
197,62528,1388,1388
198,67872,1395,1395
199,64064,1402,1402
200,65440,1409,1409
201,62624,1416,1416
202,69280,1423,1423
203,62944,1430,1430
204,67744,1437,1437
205,64096,1444,1444
206,65568,1451,1451
207,65504,1458,1458
208,64256,1465,1465
209,67520,1472,1472
210,62272,1479,1479
211,69632,1486,1486
212,62208,1493,1493
213,69440,1500,1500
214,62656,1507,1507
215,67840,1514,1514
216,64224,1521,1521
217,65504,1528,1528
218,65440,1535,1535
219,63968,1542,1542
220,68032,1549,1549
221,62336,1556,1556
222,69600,1563,1563
223,62208,1570,1570
224,69472,1577,1577
225,62624,1584,1584
226,67968,1591,1591
227,64000,1598,1598
228,65504,1605,1605
229,65504,1612,1612
230,64000,1619,1619
231,68032,1626,1626
232,62336,1633,1633
233,69664,1640,1640
234,62144,1647,1647
235,69536,1654,1654
236,62720,1661,1661
237,67776,1668,1668
238,64256,1675,1675
239,67392,1682,1682
240,65536,1689,1689
241,64032,1696,1696
242,68000,1703,1703
243,62496,1710,1710
244,69504,1717,1717
245,62080,1724,1724
246,69344,1731,1731
247,62816,1738,1738
248,67552,1745,1745
249,64224,1752,1752
250,65312,1759,1759
251,63232,1766,1766
252,68992,1773,1773
253,61888,1780,1780
254,68096,1787,1787
255,64224,1794,1794
256,64768,1801,1801
257,66112,1808,1808
258,64800,1815,1815
259,67296,1822,1822
260,62080,1829,1829
261,69248,1836,1836
262,62176,1843,1843
263,69536,1850,1850
264,62752,1857,1857
265,67456,1864,1864
266,64288,1871,1871
267,65664,1878,1878
268,65600,1885,1885
269,63552,1892,1892
270,68032,1899,1899
271,61760,1906,1906
272,69952,1913,1913
273,62240,1920,1920
274,69536,1927,1927
275,62336,1934,1934
276,68256,1941,1941
277,63808,1948,1948
278,65504,1955,1955
279,64992,1962,1962
280,64320,1969,1969
281,67936,1976,1976
282,62464,1983,1983
283,69152,1990,1990
284,62528,1997,1997
285,69504,2004,2004
286,62752,2011,2011
287,67968,2018,2018
288,63296,2025,2025
289,65696,2032,2032
290,65632,2039,2039
291,63456,2046,2046
292,68448,2053,2053
293,62400,2060,2060
294,69536,2067,2067
295,62304,2074,2074
296,69472,2081,2081
297,62752,2088,2088
298,68160,2095,2095
299,63840,2102,2102
300,65440,2109,2109
301,62752,2116,2116
302,69088,2123,2123
303,62720,2130,2130
304,67808,2137,2137
305,64096,2144,2144
306,65664,2151,2151
307,64448,2158,2158
308,64256,2165,2165
309,67904,2172,2172
310,61568,2179,2179
311,69024,2186,2186
312,63008,2193,2193
313,67392,2200,2200
314,61984,2207,2207
315,67360,2214,2214
316,64128,2221,2221
317,64640,2228,2228
318,65568,2235,2235
319,388672,2242,2242
320,68096,2249,2249
321,62400,2256,2256
322,69568,2263,2263
323,62144,2270,2270
324,69568,2277,2277
325,62656,2284,2284
326,67712,2291,2291
327,64224,2298,2298
328,65280,2305,2305
329,65568,2312,2312
330,64160,2319,2319
331,67776,2326,2326
332,62496,2333,2333
333,69568,2340,2340
334,61632,2347,2347
335,834048,2354,2354
336,62624,2361,2361
337,68576,2368,2368
338,63360,2375,2375
339,65440,2382,2382
340,65632,2389,2389
341,63840,2396,2396
342,67904,2403,2403
343,62432,2410,2410
344,69824,2417,2417
345,61856,2424,2424
346,69664,2431,2431
347,62560,2438,2438
348,67744,2445,2445
349,64064,2452,2452
350,65600,2459,2459
351,62880,2466,2466
352,68864,2473,2473
353,62528,2480,2480
354,68096,2487,2487
355,63968,2494,2494
356,65504,2501,2501
357,65472,2508,2508
358,64128,2515,2515
359,67936,2522,2522
360,62624,2529,2529
361,69376,2536,2536
362,62176,2543,2543
363,69664,2550,2550
364,62304,2557,2557
365,67744,2564,2564
366,64480,2571,2571
367,65216,2578,2578
368,65536,2585,2585
369,63936,2592,2592
370,67936,2599,2599
371,62688,2606,2606
372,69376,2613,2613
373,62048,2620,2620
374,69504,2627,2627
375,62688,2634,2634
376,67776,2641,2641
377,64160,2648,2648
378,65408,2655,2655
379,65504,2662,2662
380,64192,2669,2669
381,67776,2676,2676
382,62464,2683,2683
383,69600,2690,2690
384,62176,2697,2697
385,69568,2704,2704
386,62592,2711,2711
387,67840,2718,2718
388,64160,2725,2725
389,65376,2732,2732
390,65568,2739,2739
391,64032,2746,2746
392,67904,2753,2753
393,62432,2760,2760
394,69632,2767,2767
395,62144,2774,2774
396,69632,2781,2781
397,62528,2788,2788
398,67936,2795,2795
399,64000,2802,2802
400,65440,2809,2809
401,63200,2816,2816
402,68832,2823,2823
403,62656,2830,2830
404,68096,2837,2837
405,63808,2844,2844
406,65376,2851,2851
407,65536,2858,2858
408,64128,2865,2865
409,67936,2872,2872
410,62368,2879,2879
411,69856,2886,2886
412,62208,2893,2893
413,69440,2900,2900
414,62688,2907,2907
415,67296,2914,2914
416,64064,2921,2921
417,65472,2928,2928
418,65568,2935,2935
419,64128,2942,2942
420,67872,2949,2949
421,62304,2956,2956
422,69568,2963,2963
423,62112,2970,2970
424,69568,2977,2977
425,62624,2984,2984
426,67840,2991,2991
427,64128,2998,2998
428,65536,3005,3005
429,65408,3012,3012
430,67904,3019,3019
431,67808,3026,3026
432,62432,3033,3033
433,69664,3040,3040
434,62176,3047,3047
435,69504,3054,3054
436,62816,3061,3061
437,67744,3068,3068
438,64160,3075,3075
439,65344,3082,3082
440,65536,3089,3089
441,64256,3096,3096
442,67648,3103,3103
443,62528,3110,3110
444,69568,3117,3117
445,62144,3124,3124
446,69376,3131,3131
447,62656,3138,3138
448,67840,3145,3145
449,64032,3152,3152
450,65408,3159,3159
451,63200,3166,3166
452,69024,3173,3173
453,62368,3180,3180
454,67872,3187,3187
455,64288,3194,3194
456,65216,3201,3201
457,65568,3208,3208
458,64576,3215,3215
459,67520,3222,3222
460,62592,3229,3229
461,69536,3236,3236
462,62304,3243,3243
463,69280,3250,3250
464,62784,3257,3257
465,67712,3264,3264
466,64352,3271,3271
467,65024,3278,3278
468,65632,3285,3285
469,63936,3292,3292
470,67936,3299,3299
471,62368,3306,3306
472,69632,3313,3313
473,62144,3320,3320
474,69504,3327,3327
475,62656,3334,3334
476,67936,3341,3341
477,64128,3348,3348
478,65184,3355,3355
479,65536,3362,3362
480,64000,3369,3369
481,68032,3376,3376
482,62336,3383,3383
483,69696,3390,3390
484,62240,3397,3397
485,69600,3404,3404
486,62496,3411,3411
487,67808,3418,3418
488,64160,3425,3425
489,65408,3432,3432
490,65568,3439,3439
491,64032,3446,3446
492,68032,3453,3453
493,62368,3460,3460
494,69568,3467,3467
495,62112,3474,3474
496,69536,3481,3481
497,62560,3488,3488
498,67904,3495,3495
499,64096,3502,3502
500,65472,3509,3509
501,63328,3516,3516
502,68768,3523,3523
503,62336,3530,3530
504,68000,3537,3537
505,64096,3544,3544
506,65472,3551,3551
507,65536,3558,3558
508,64224,3565,3565
509,67968,3572,3572
510,62272,3579,3579
511,69632,3586,3586
512,62112,3593,3593
513,69536,3600,3600
514,62656,3607,3607
515,67872,3614,3614
516,64192,3621,3621
517,65472,3628,3628
518,65696,3635,3635
519,63360,3642,3642
520,67936,3649,3649
521,62432,3656,3656
522,69568,3663,3663
523,62240,3670,3670
524,69504,3677,3677
525,65120,3684,3684
526,67776,3691,3691
527,64064,3698,3698
528,65440,3705,3705
529,65664,3712,3712
530,63904,3719,3719
531,67936,3726,3726
532,62400,3733,3733
533,69600,3740,3740
534,62144,3747,3747
535,69696,3754,3754
536,62528,3761,3761
537,67808,3768,3768
538,64096,3775,3775
539,65632,3782,3782
540,65472,3789,3789
541,63872,3796,3796
542,67904,3803,3803
543,62432,3810,3810
544,69600,3817,3817
545,62112,3824,3824
546,69568,3831,3831
547,62656,3838,3838
548,67872,3845,3845
549,64096,3852,3852
550,65376,3859,3859
551,62656,3866,3866
552,69440,3873,3873
553,62528,3880,3880
554,68064,3887,3887
555,64416,3894,3894
556,65472,3901,3901
557,65632,3908,3908
558,64000,3915,3915
559,67968,3922,3922
560,62592,3929,3929
561,69536,3936,3936
562,62496,3943,3943
563,69280,3950,3950
564,62720,3957,3957
565,67936,3964,3964
566,64128,3971,3971
567,65888,3978,3978
568,65344,3985,3985
569,64320,3992,3992
570,67712,3999,3999
571,62432,4006,4006
572,69504,4013,4013
573,62112,4020,4020
574,69504,4027,4027
575,62752,4034,4034
576,67936,4041,4041
577,64256,4048,4048
578,65376,4055,4055
579,65632,4062,4062
580,64224,4069,4069
581,67808,4076,4076
582,62464,4083,4083
583,69728,4090,4090
584,62240,4097,4097
585,69600,4104,4104
586,62688,4111,4111
587,68032,4118,4118
588,64160,4125,4125
589,65152,4132,4132
590,65600,4139,4139
591,64064,4146,4146
592,67968,4153,4153
593,62464,4160,4160
594,69472,4167,4167
595,62240,4174,4174
596,69568,4181,4181
597,62816,4188,4188
598,67840,4195,4195
599,64128,4202,4202
600,65504,4209,4209
601,63040,4216,4216
602,68832,4223,4223
603,62624,4230,4230
604,68032,4237,4237
605,64000,4244,4244
606,65440,4251,4251
607,65504,4258,4258
608,762816,4265,4265
609,67104,4272,4272
610,62848,4279,4279
611,69856,4286,4286
612,61856,4293,4293
613,69504,4300,4300
614,62144,4307,4307
615,68576,4314,4314
616,64064,4321,4321
617,65312,4328,4328
618,65568,4335,4335
619,63392,4342,4342
620,68512,4349,4349
621,62368,4356,4356
622,69888,4363,4363
623,61664,4370,4370
624,69568,4377,4377
625,62752,4384,4384
626,67616,4391,4391
627,64128,4398,4398
628,65472,4405,4405
629,65536,4412,4412
630,64064,4419,4419
631,67872,4426,4426
632,62496,4433,4433
633,69600,4440,4440
634,61952,4447,4447
635,69568,4454,4454
636,62624,4461,4461
637,67872,4468,4468
638,64064,4475,4475
639,65568,4482,4482
640,65536,4489,4489
641,63936,4496,4496
642,67904,4503,4503
643,62432,4510,4510
644,69728,4517,4517
645,62048,4524,4524
646,69536,4531,4531
647,62656,4538,4538
648,67904,4545,4545
649,64032,4552,4552
650,65440,4559,4559
651,63200,4566,4566
652,69184,4573,4573
653,62080,4580,4580
654,68608,4587,4587
655,63488,4594,4594
656,65760,4601,4601
657,65600,4608,4608
658,63776,4615,4615
659,67872,4622,4622
660,62240,4629,4629
661,69792,4636,4636
662,62144,4643,4643
663,69568,4650,4650
664,62464,4657,4657
665,67776,4664,4664
666,64320,4671,4671
667,65344,4678,4678
668,65536,4685,4685
669,64128,4692,4692
670,68352,4699,4699
671,61952,4706,4706
672,69792,4713,4713
673,61728,4720,4720
674,69536,4727,4727
675,62656,4734,4734
676,67808,4741,4741
677,64096,4748,4748
678,65440,4755,4755
679,65600,4762,4762
680,64064,4769,4769
681,67872,4776,4776
682,62528,4783,4783
683,69536,4790,4790
684,62272,4797,4797
685,69440,4804,4804
686,62656,4811,4811
687,67776,4818,4818
688,64384,4825,4825
689,65216,4832,4832
690,65600,4839,4839
691,64064,4846,4846
692,67840,4853,4853
693,62624,4860,4860
694,69408,4867,4867
695,62112,4874,4874
696,69600,4881,4881
697,62592,4888,4888
698,67808,4895,4895
699,63904,4902,4902
700,65472,4909,4909
701,63264,4916,4916
702,68832,4923,4923
703,62752,4930,4930
704,67680,4937,4937
705,64064,4944,4944
706,65504,4951,4951
707,65472,4958,4958
708,64384,4965,4965
709,67680,4972,4972
710,62496,4979,4979
711,69600,4986,4986
712,62112,4993,4993
713,69600,5000,5000
714,63040,5007,5007
715,67296,5014,5014
716,64160,5021,5021
717,65472,5028,5028
718,65536,5035,5035
719,64000,5042,5042
720,68128,5049,5049
721,62048,5056,5056
722,69568,5063,5063
723,62144,5070,5070
724,69312,5077,5077
725,62656,5084,5084
726,67680,5091,5091
727,64032,5098,5098
728,65536,5105,5105
729,65600,5112,5112
730,63936,5119,5119
731,67968,5126,5126
732,62336,5133,5133
733,69632,5140,5140
734,61504,5147,5147
735,504672,5154,5154
736,62720,5161,5161
737,67776,5168,5168
738,64096,5175,5175
739,65472,5182,5182
740,65568,5189,5189
741,63968,5196,5196
742,67936,5203,5203
743,62400,5210,5210
744,69696,5217,5217
745,62048,5224,5224
746,69536,5231,5231
747,62688,5238,5238
748,67808,5245,5245
749,64096,5252,5252
750,65216,5259,5259
751,62624,5266,5266
752,69568,5273,5273
753,62272,5280,5280
754,67968,5287,5287
755,64128,5294,5294
756,65792,5301,5301
757,65152,5308,5308
758,64224,5315,5315
759,67968,5322,5322
760,62368,5329,5329
761,69568,5336,5336
762,62336,5343,5343
763,69248,5350,5350
764,62688,5357,5357
765,67808,5364,5364
766,63936,5371,5371
767,65504,5378,5378
768,65920,5385,5385
769,63648,5392,5392
770,68448,5399,5399
771,61888,5406,5406
772,69632,5413,5413
773,62464,5420,5420
774,69184,5427,5427
775,62624,5434,5434
776,67904,5441,5441
777,63936,5448,5448
778,65280,5455,5455
779,65568,5462,5462
780,64000,5469,5469
781,67904,5476,5476
782,62432,5483,5483
783,69632,5490,5490
784,62272,5497,5497
785,69440,5504,5504
786,62656,5511,5511
787,67840,5518,5518
788,64064,5525,5525
789,65440,5532,5532
790,65536,5539,5539
791,64032,5546,5546
792,68000,5553,5553
793,62336,5560,5560
794,69760,5567,5567
795,61952,5574,5574
796,69504,5581,5581
797,62624,5588,5588
798,67936,5595,5595
799,64000,5602,5602
800,65536,5609,5609
801,63104,5616,5616
802,69152,5623,5623
803,62176,5630,5630
804,67904,5637,5637
805,64160,5644,5644
806,65376,5651,5651
807,65664,5658,5658
808,64288,5665,5665
809,67616,5672,5672
810,62560,5679,5679
811,69440,5686,5686
812,62432,5693,5693
813,69280,5700,5700
814,62624,5707,5707
815,67968,5714,5714
816,64096,5721,5721
817,65472,5728,5728
818,65792,5735,5735
819,63712,5742,5742
820,67936,5749,5749
821,62400,5756,5756
822,69568,5763,5763
823,62464,5770,5770
824,69632,5777,5777
825,62272,5784,5784
826,67840,5791,5791
827,64128,5798,5798
828,65184,5805,5805
829,65664,5812,5812
830,63872,5819,5819
831,67968,5826,5826
832,62272,5833,5833
833,69632,5840,5840
834,62112,5847,5847
835,69536,5854,5854
836,63008,5861,5861
837,67488,5868,5868
838,64192,5875,5875
839,65376,5882,5882
840,65600,5889,5889
841,63904,5896,5896
842,67968,5903,5903
843,62368,5910,5910
844,69664,5917,5917
845,62208,5924,5924
846,69440,5931,5931
847,62624,5938,5938
848,67904,5945,5945
849,64064,5952,5952
850,65440,5959,5959
851,62592,5966,5966
852,69344,5973,5973
853,62528,5980,5980
854,67872,5987,5987
855,64224,5994,5994
856,65408,6001,6001
857,65728,6008,6008
858,63968,6015,6015
859,67872,6022,6022
860,62336,6029,6029
861,69664,6036,6036
862,62304,6043,6043
863,69312,6050,6050
864,62912,6057,6057
865,67584,6064,6064
866,64256,6071,6071
867,65312,6078,6078
868,65568,6085,6085
869,64128,6092,6092
870,67552,6099,6099
871,62368,6106,6106
872,69472,6113,6113
873,62304,6120,6120
874,69280,6127,6127
875,63104,6134,6134
876,67360,6141,6141
877,64352,6148,6148
878,65216,6155,6155
879,65536,6162,6162
880,63808,6169,6169
881,67840,6176,6176
882,62432,6183,6183
883,69792,6190,6190
884,62080,6197,6197
885,69536,6204,6204
886,62720,6211,6211
887,67776,6218,6218
888,64256,6225,6225
889,65344,6232,6232
890,65568,6239,6239
891,63968,6246,6246
892,67968,6253,6253
893,62432,6260,6260
894,69568,6267,6267
895,62016,6274,6274
896,69696,6281,6281
897,62464,6288,6288
898,67872,6295,6295
899,64128,6302,6302
900,65536,6309,6309
901,63008,6316,6316
902,69024,6323,6323
903,62464,6330,6330
904,68000,6337,6337
905,64000,6344,6344
906,65408,6351,6351
907,65568,6358,6358
908,64128,6365,6365
909,67936,6372,6372
910,62496,6379,6379
911,69568,6386,6386
912,62240,6393,6393
913,69440,6400,6400
914,62624,6407,6407
915,67936,6414,6414
916,64064,6421,6421
917,65504,6428,6428
918,65664,6435,6435
919,63904,6442,6442
920,67936,6449,6449
921,62496,6456,6456
922,69472,6463,6463
923,62432,6470,6470
924,69472,6477,6477
925,62496,6484,6484
926,68000,6491,6491
927,64160,6498,6498
928,65280,6505,6505
929,65696,6512,6512
930,63808,6519,6519
931,67808,6526,6526
932,62208,6533,6533
933,69632,6540,6540
934,62176,6547,6547
935,69568,6554,6554
936,62752,6561,6561
937,67744,6568,6568
938,64096,6575,6575
939,65472,6582,6582
940,65536,6589,6589
941,64000,6596,6596
942,67936,6603,6603
943,62432,6610,6610
944,69696,6617,6617
945,62048,6624,6624
946,69504,6631,6631
947,62656,6638,6638
948,67808,6645,6645
949,64192,6652,6652
950,65376,6659,6659
951,62592,6666,6666
952,69568,6673,6673
953,62336,6680,6680
954,68160,6687,6687
955,63904,6694,6694
956,65440,6701,6701
957,65568,6708,6708
958,64096,6715,6715
959,68000,6722,6722
960,62432,6729,6729
961,69472,6736,6736
962,62208,6743,6743
963,69376,6750,6750
964,62688,6757,6757
965,67776,6764,6764
966,64096,6771,6771
967,65760,6778,6778
968,65440,6785,6785
969,63840,6792,6792
970,68064,6799,6799
971,62336,6806,6806
972,69632,6813,6813
973,62304,6820,6820
974,69344,6827,6827
975,62720,6834,6834
976,68064,6841,6841
977,64384,6848,6848
978,64864,6855,6855
979,65728,6862,6862
980,64032,6869,6869
981,67936,6876,6876
982,62304,6883,6883
983,69856,6890,6890
984,61760,6897,6897
985,69216,6904,6904
986,62688,6911,6911
987,67808,6918,6918
988,64096,6925,6925
989,65440,6932,6932
990,65568,6939,6939
991,63968,6946,6946
992,68032,6953,6953
993,62432,6960,6960
994,69504,6967,6967
995,62144,6974,6974
996,69504,6981,6981
997,62752,6988,6988
998,67744,6995,6995
999,64128,7002,7002
1000,65536,7009,7009
1001,62912,7016,7016
1002,69056,7023,7023
1003,62528,7030,7030
1004,68000,7037,7037
1005,63872,7044,7044
1006,65600,7051,7051
1007,65408,7058,7058
1008,64864,7065,7065
1009,67232,7072,7072
1010,62432,7079,7079
1011,69600,7086,7086
1012,62240,7093,7093
1013,69344,7100,7100
1014,62880,7107,7107
1015,67808,7114,7114
1016,64256,7121,7121
1017,65152,7128,7128
1018,65568,7135,7135
1019,64000,7142,7142
1020,67904,7149,7149
1021,62528,7156,7156
1022,69504,7163,7163
1023,62304,7170,7170
1024,69472,7177,7177
1025,62784,7184,7184
1026,67616,7191,7191
1027,64352,7198,7198
1028,65600,7205,7205
1029,65408,7212,7212
1030,63744,7219,7219
1031,67936,7226,7226
1032,62464,7233,7233
1033,69696,7240,7240
1034,61888,7247,7247
1035,69792,7254,7254
1036,62176,7261,7261
1037,67904,7268,7268
1038,64064,7275,7275
1039,65440,7282,7282
1040,65696,7289,7289
1041,63872,7296,7296
1042,68064,7303,7303
1043,62304,7310,7310
1044,69824,7317,7317
1045,61888,7324,7324
1046,69568,7331,7331
1047,62656,7338,7338
1048,67776,7345,7345
1049,64160,7352,7352
1050,65376,7359,7359
1051,62560,7366,7366
1052,69440,7373,7373
1053,62656,7380,7380
1054,67808,7387,7387
1055,64032,7394,7394
1056,65536,7401,7401
1057,65472,7408,7408
1058,64096,7415,7415
1059,67904,7422,7422
1060,62400,7429,7429
1061,69600,7436,7436
1062,62880,7443,7443
1063,68832,7450,7450
1064,62688,7457,7457
1065,67808,7464,7464
1066,64096,7471,7471
1067,65568,7478,7478
1068,65696,7485,7485
1069,64032,7492,7492
1070,67744,7499,7499
1071,62816,7506,7506
1072,69440,7513,7513
1073,62048,7520,7520
1074,69312,7527,7527
1075,62880,7534,7534
1076,68288,7541,7541
1077,63744,7548,7548
1078,65504,7555,7555
1079,65152,7562,7562
1080,63968,7569,7569
1081,68000,7576,7576
1082,62336,7583,7583
1083,69760,7590,7590
1084,62432,7597,7597
1085,69216,7604,7604
1086,62528,7611,7611
1087,67584,7618,7618
1088,64160,7625,7625
1089,65312,7632,7632
1090,65568,7639,7639
1091,64000,7646,7646
1092,67936,7653,7653
1093,62400,7660,7660
1094,69632,7667,7667
1095,62112,7674,7674
1096,69568,7681,7681
1097,62624,7688,7688
1098,67840,7695,7695
1099,64352,7702,7702
1100,65184,7709,7709
1101,62720,7716,7716
1102,69312,7723,7723
1103,62400,7730,7730
1104,68064,7737,7737
1105,64224,7744,7744
1106,65696,7751,7751
1107,65024,7758,7758
1108,64096,7765,7765
1109,67936,7772,7772
1110,62368,7779,7779
1111,69600,7786,7786
1112,62208,7793,7793
1113,69408,7800,7800
1114,62784,7807,7807
1115,67936,7814,7814
1116,63584,7821,7821
1117,65824,7828,7828
1118,65408,7835,7835
1119,64096,7842,7842
1120,67936,7849,7849
1121,62432,7856,7856
1122,69504,7863,7863
1123,62304,7870,7870
1124,69280,7877,7877
1125,62912,7884,7884
1126,67872,7891,7891
1127,64032,7898,7898
1128,65632,7905,7905
1129,65376,7912,7912
1130,64032,7919,7919
1131,67904,7926,7926
1132,62432,7933,7933
1133,69664,7940,7940
1134,62208,7947,7947
1135,69472,7954,7954
1136,62720,7961,7961
1137,68032,7968,7968
1138,63456,7975,7975
1139,65376,7982,7982
1140,65536,7989,7989
1141,63968,7996,7996
1142,67936,8003,8003
1143,62432,8010,8010
1144,69664,8017,8017
1145,62048,8024,8024
1146,69504,8031,8031
1147,62688,8038,8038
1148,67840,8045,8045
1149,64256,8052,8052
1150,65344,8059,8059
1151,63104,8066,8066
1152,68960,8073,8073
1153,62880,8080,8080
1154,67776,8087,8087
1155,64512,8094,8094
1156,65152,8101,8101
1157,65600,8108,8108
1158,64192,8115,8115
1159,68192,8122,8122
1160,62496,8129,8129
1161,69504,8136,8136
1162,61920,8143,8143
1163,69856,8150,8150
1164,62400,8157,8157
1165,68224,8164,8164
1166,64096,8171,8171
1167,65632,8178,8178
1168,65472,8185,8185
1169,64160,8192,8192
1170,67808,8199,8199
1171,62688,8206,8206
1172,69440,8213,8213
1173,62368,8220,8220
1174,69376,8227,8227
1175,63104,8234,8234
1176,67520,8241,8241
1177,64256,8248,8248
1178,65472,8255,8255
1179,65536,8262,8262
1180,64224,8269,8269
1181,67936,8276,8276
1182,62496,8283,8283
1183,69696,8290,8290
1184,62368,8297,8297
1185,69408,8304,8304
1186,62720,8311,8311
1187,67904,8318,8318
1188,64224,8325,8325
1189,65568,8332,8332
1190,65440,8339,8339
1191,63648,8346,8346
1192,68096,8353,8353
1193,62528,8360,8360
1194,69536,8367,8367
1195,62208,8374,8374
1196,69568,8381,8381
1197,62720,8388,8388
1198,67904,8395,8395
1199,64160,8402,8402
1200,65600,8409,8409
1201,62592,8416,8416
1202,69344,8423,8423
1203,62560,8430,8430
1204,67840,8437,8437
1205,64352,8444,8444
1206,65184,8451,8451
1207,65600,8458,8458
1208,64256,8465,8465
1209,67584,8472,8472
1210,62400,8479,8479
1211,69440,8486,8486
1212,62016,8493,8493
1213,69472,8500,8500
1214,62912,8507,8507
1215,67712,8514,8514
1216,64000,8521,8521
1217,65824,8528,8528
1218,65216,8535,8535
1219,64160,8542,8542
1220,67776,8549,8549
1221,62560,8556,8556
1222,69664,8563,8563
1223,62272,8570,8570
1224,69504,8577,8577
1225,62496,8584,8584
1226,67840,8591,8591
1227,64000,8598,8598
1228,65344,8605,8605
1229,65696,8612,8612
1230,63840,8619,8619
1231,68192,8626,8626
1232,62464,8633,8633
1233,69568,8640,8640
1234,62176,8647,8647
1235,69568,8654,8654
1236,62560,8661,8661
1237,67680,8668,8668
1238,64352,8675,8675
1239,65280,8682,8682
1240,65888,8689,8689
1241,63328,8696,8696
1242,67936,8703,8703
1243,62432,8710,8710
1244,69568,8717,8717
1245,62144,8724,8724
1246,69504,8731,8731
1247,62688,8738,8738
1248,67904,8745,8745
1249,63776,8752,8752
1250,65408,8759,8759
1251,63040,8766,8766
1252,69152,8773,8773
1253,62208,8780,8780
1254,67968,8787,8787
1255,64352,8794,8794
1256,65280,8801,8801
1257,66048,8808,8808
1258,63168,8815,8815
1259,68000,8822,8822
1260,62208,8829,8829
1261,69760,8836,8836
1262,61920,8843,8843
1263,69792,8850,8850
1264,62688,8857,8857
1265,67712,8864,8864
1266,64192,8871,8871
1267,65440,8878,8878
1268,65184,8885,8885
1269,64352,8892,8892
1270,68064,8899,8899
1271,62304,8906,8906
1272,69408,8913,8913
1273,62272,8920,8920
1274,69344,8927,8927
1275,62528,8934,8934
1276,67840,8941,8941
1277,64256,8948,8948
1278,65472,8955,8955
1279,65536,8962,8962
1280,64160,8969,8969
1281,67840,8976,8976
1282,62272,8983,8983
1283,69792,8990,8990
1284,62080,8997,8997
1285,69696,9004,9004
1286,62624,9011,9011
1287,67968,9018,9018
1288,63360,9025,9025
1289,65344,9032,9032
1290,65536,9039,9039
1291,64224,9046,9046
1292,67680,9053,9053
1293,62464,9060,9060
1294,69536,9067,9067
1295,62112,9074,9074
1296,69600,9081,9081
1297,62336,9088,9088
1298,67840,9095,9095
1299,64096,9102,9102
1300,65408,9109,9109
1301,63104,9116,9116
1302,68992,9123,9123
1303,62464,9130,9130
1304,67968,9137,9137
1305,64288,9144,9144
1306,65216,9151,9151
1307,65536,9158,9158
1308,64128,9165,9165
1309,68128,9172,9172
1310,62240,9179,9179
1311,69856,9186,9186
1312,61952,9193,9193
1313,69664,9200,9200
1314,62336,9207,9207
1315,68192,9214,9214
1316,63808,9221,9221
1317,65760,9228,9228
1318,65568,9235,9235
1319,63968,9242,9242
1320,67840,9249,9249
1321,62368,9256,9256
1322,69696,9263,9263
1323,62208,9270,9270
1324,69344,9277,9277
1325,62624,9284,9284
1326,67936,9291,9291
1327,64192,9298,9298
1328,65664,9305,9305
1329,65120,9312,9312
1330,64256,9319,9319
1331,67808,9326,9326
1332,63136,9333,9333
1333,68704,9340,9340
1334,63168,9347,9347
1335,68416,9354,9354
1336,62752,9361,9361
1337,67520,9368,9368
1338,64128,9375,9375
1339,65440,9382,9382
1340,65568,9389,9389
1341,64064,9396,9396
1342,67872,9403,9403
1343,62400,9410,9410
1344,69632,9417,9417
1345,62208,9424,9424
1346,69408,9431,9431
1347,62656,9438,9438
1348,67808,9445,9445
1349,64160,9452,9452
1350,65408,9459,9459
1351,62560,9466,9466
1352,69504,9473,9473
1353,62560,9480,9480
1354,67808,9487,9487
1355,64416,9494,9494
1356,65024,9501,9501
1357,65760,9508,9508
1358,63968,9515,9515
1359,68096,9522,9522
1360,62208,9529,9529
1361,69504,9536,9536
1362,62368,9543,9543
1363,69536,9550,9550
1364,62688,9557,9557
1365,709952,9564,9564
1366,64096,9571,9571
1367,64864,9578,9578
1368,66400,9585,9585
1369,63840,9592,9592
1370,68128,9599,9599
1371,62304,9606,9606
1372,68896,9613,9613
1373,62720,9620,9620
1374,69728,9627,9627
1375,62752,9634,9634
1376,67840,9641,9641
1377,63200,9648,9648
1378,66144,9655,9655
1379,65344,9662,9662
1380,64608,9669,9669
1381,67104,9676,9676
1382,62432,9683,9683
1383,69664,9690,9690
1384,62240,9697,9697
1385,69440,9704,9704
1386,62656,9711,9711
1387,67904,9718,9718
1388,64032,9725,9725
1389,65440,9732,9732
1390,65568,9739,9739
1391,64064,9746,9746
1392,67872,9753,9753
1393,62432,9760,9760
1394,69600,9767,9767
1395,62208,9774,9774
1396,69472,9781,9781
1397,62880,9788,9788
1398,67616,9795,9795
1399,64096,9802,9802
1400,65440,9809,9809
1401,63200,9816,9816
1402,68832,9823,9823
1403,62784,9830,9830
1404,67584,9837,9837
1405,64448,9844,9844
1406,65024,9851,9851
1407,65952,9858,9858
1408,63968,9865,9865
1409,68032,9872,9872
1410,62176,9879,9879
1411,69824,9886,9886
1412,62336,9893,9893
1413,69312,9900,9900
1414,62720,9907,9907
1415,67840,9914,9914
1416,64096,9921,9921
1417,65504,9928,9928
1418,65664,9935,9935
1419,63968,9942,9942
1420,67968,9949,9949
1421,62432,9956,9956
1422,69440,9963,9963
1423,62112,9970,9970
1424,70144,9977,9977
1425,62688,9984,9984
1426,67552,9991,9991
1427,64224,9998,9998
1428,64640,10005,10005
1429,65536,10012,10012
1430,63968,10019,10019
1431,68192,10026,10026
1432,62176,10033,10033
1433,69664,10040,10040
1434,62144,10047,10047
1435,69600,10054,10054
1436,62560,10061,10061
1437,67904,10068,10068
1438,64064,10075,10075
1439,65408,10082,10082
1440,65632,10089,10089
1441,63936,10096,10096
1442,67968,10103,10103
1443,62464,10110,10110
1444,69536,10117,10117
1445,62144,10124,10124
1446,69600,10131,10131
1447,62560,10138,10138
1448,67776,10145,10145
1449,64096,10152,10152
1450,65696,10159,10159
1451,62688,10166,10166
1452,68992,10173,10173
1453,62592,10180,10180
1454,67968,10187,10187
1455,64096,10194,10194
1456,65440,10201,10201
1457,65472,10208,10208
1458,63904,10215,10215
1459,67200,10222,10222
1460,510272,10229,10229
1461,69760,10236,10236
1462,61760,10243,10243
1463,69760,10250,10250
1464,62560,10257,10257
1465,67936,10264,10264
1466,64224,10271,10271
1467,65600,10278,10278
1468,65152,10285,10285
1469,64512,10292,10292
1470,68320,10299,10299
1471,62720,10306,10306
1472,68256,10313,10313
1473,62176,10320,10320
1474,69536,10327,10327
1475,62720,10334,10334
1476,67744,10341,10341
1477,64160,10348,10348
1478,65440,10355,10355
1479,65568,10362,10362
1480,64000,10369,10369
1481,67936,10376,10376
1482,62400,10383,10383
1483,69792,10390,10390
1484,62080,10397,10397
1485,69536,10404,10404
1486,62688,10411,10411
1487,67840,10418,10418
1488,64064,10425,10425
1489,65440,10432,10432
1490,65568,10439,10439
1491,64096,10446,10446
1492,67840,10453,10453
1493,62560,10460,10460
1494,69504,10467,10467
1495,62048,10474,10474
1496,69568,10481,10481
1497,62656,10488,10488
1498,67776,10495,10495
1499,64192,10502,10502
1500,65344,10509,10509
1501,62560,10516,10516
1502,69504,10523,10523
1503,62656,10530,10530
1504,67968,10537,10537
1505,63872,10544,10544
1506,65696,10551,10551
1507,65824,10558,10558
1508,63648,10565,10565
1509,67968,10572,10572
1510,62432,10579,10579
1511,69632,10586,10586
1512,62368,10593,10593
1513,69056,10600,10600
1514,62848,10607,10607
1515,67712,10614,10614
1516,64128,10621,10621
1517,65504,10628,10628
1518,65952,10635,10635
1519,63680,10642,10642
1520,67552,10649,10649
1521,62528,10656,10656
1522,69504,10663,10663
1523,62240,10670,10670
1524,69472,10677,10677
1525,62624,10684,10684
1526,68032,10691,10691
1527,63872,10698,10698
1528,65472,10705,10705
1529,65600,10712,10712
1530,63776,10719,10719
1531,68032,10726,10726
1532,62304,10733,10733
1533,69664,10740,10740
1534,62176,10747,10747
1535,69504,10754,10754
1536,62656,10761,10761
1537,67904,10768,10768
1538,64064,10775,10775
1539,65472,10782,10782
1540,65696,10789,10789
1541,63712,10796,10796
1542,67968,10803,10803
1543,62336,10810,10810
1544,69600,10817,10817
1545,62144,10824,10824
1546,69664,10831,10831
1547,62592,10838,10838
1548,67776,10845,10845
1549,64128,10852,10852
1550,65408,10859,10859
1551,62624,10866,10866
1552,69472,10873,10873
1553,62624,10880,10880
1554,68032,10887,10887
1555,64064,10894,10894
1556,65376,10901,10901
1557,65600,10908,10908
1558,64032,10915,10915
1559,67872,10922,10922
1560,62080,10929,10929
1561,69632,10936,10936
1562,62496,10943,10943
1563,69568,10950,10950
1564,62528,10957,10957
1565,67584,10964,10964
1566,63904,10971,10971
1567,65632,10978,10978
1568,65472,10985,10985
1569,64000,10992,10992
1570,67936,10999,10999
1571,62464,11006,11006
1572,69536,11013,11013
1573,62112,11020,11020
1574,69536,11027,11027
1575,62688,11034,11034
1576,67744,11041,11041
1577,64064,11048,11048
1578,65472,11055,11055
1579,65664,11062,11062
1580,64064,11069,11069
1581,67776,11076,11076
1582,62400,11083,11083
1583,69696,11090,11090
1584,62464,11097,11097
1585,69248,11104,11104
1586,62624,11111,11111
1587,67904,11118,11118
1588,64000,11125,11125
1589,65472,11132,11132
1590,65504,11139,11139
1591,64032,11146,11146
1592,67968,11153,11153
1593,62272,11160,11160
1594,69600,11167,11167
1595,62208,11174,11174
1596,69440,11181,11181
1597,62624,11188,11188
1598,67872,11195,11195
1599,64096,11202,11202
1600,65440,11209,11209
1601,62496,11216,11216
1602,69568,11223,11223
1603,62656,11230,11230
1604,67936,11237,11237
1605,64096,11244,11244
1606,65472,11251,11251
1607,65504,11258,11258
1608,64224,11265,11265
1609,67808,11272,11272
1610,62560,11279,11279
1611,69600,11286,11286
1612,61920,11293,11293
1613,69248,11300,11300
1614,62624,11307,11307
1615,67680,11314,11314
1616,64128,11321,11321
1617,65504,11328,11328
1618,65664,11335,11335
1619,63968,11342,11342
1620,68000,11349,11349
1621,62272,11356,11356
1622,69728,11363,11363
1623,62016,11370,11370
1624,69568,11377,11377
1625,62656,11384,11384
1626,67808,11391,11391
1627,64192,11398,11398
1628,65376,11405,11405
1629,65536,11412,11412
1630,63968,11419,11419
1631,67936,11426,11426
1632,62400,11433,11433
1633,69664,11440,11440
1634,62208,11447,11447
1635,69600,11454,11454
1636,62656,11461,11461
1637,67776,11468,11468
1638,64096,11475,11475
1639,65504,11482,11482
1640,65472,11489,11489
1641,63968,11496,11496
1642,67968,11503,11503
1643,62592,11510,11510
1644,69408,11517,11517
1645,62144,11524,11524
1646,69568,11531,11531
1647,62752,11538,11538
1648,67744,11545,11545
1649,64192,11552,11552
1650,65408,11559,11559
1651,62656,11566,11566
1652,69280,11573,11573
1653,62720,11580,11580
1654,68000,11587,11587
1655,64352,11594,11594
1656,65600,11601,11601
1657,64896,11608,11608
1658,64832,11615,11615
1659,67008,11622,11622
1660,62464,11629,11629
1661,69504,11636,11636
1662,62144,11643,11643
1663,69536,11650,11650
1664,62752,11657,11657
1665,67776,11664,11664
1666,64128,11671,11671
1667,65600,11678,11678
1668,65472,11685,11685
1669,64064,11692,11692
1670,67840,11699,11699
1671,62432,11706,11706
1672,69600,11713,11713
1673,62144,11720,11720
1674,69568,11727,11727
1675,62752,11734,11734
1676,67936,11741,11741
1677,63936,11748,11748
1678,65248,11755,11755
1679,65920,11762,11762
1680,63616,11769,11769
1681,67968,11776,11776
1682,62432,11783,11783
1683,69632,11790,11790
1684,62048,11797,11797
1685,69504,11804,11804
1686,62688,11811,11811
1687,67776,11818,11818
1688,64128,11825,11825
1689,65472,11832,11832
1690,65696,11839,11839
1691,63968,11846,11846
1692,67840,11853,11853
1693,62464,11860,11860
1694,69696,11867,11867
1695,62048,11874,11874
1696,69440,11881,11881
1697,62560,11888,11888
1698,67808,11895,11895
1699,64192,11902,11902
1700,65344,11909,11909
1701,62720,11916,11916
1702,69664,11923,11923
1703,62208,11930,11930
1704,68320,11937,11937
1705,63328,11944,11944
1706,65440,11951,11951
1707,65696,11958,11958
1708,64000,11965,11965
1709,68000,11972,11972
1710,62368,11979,11979
1711,69920,11986,11986
1712,61792,11993,11993
1713,69664,12000,12000
1714,62496,12007,12007
1715,67936,12014,12014
1716,63968,12021,12021
1717,65568,12028,12028
1718,65536,12035,12035
1719,63968,12042,12042
1720,67968,12049,12049
1721,62400,12056,12056
1722,69600,12063,12063
1723,62240,12070,12070
1724,69632,12077,12077
1725,62464,12084,12084
1726,67872,12091,12091
1727,64128,12098,12098
1728,65408,12105,12105
1729,65632,12112,12112
1730,63936,12119,12119
1731,67968,12126,12126
1732,62432,12133,12133
1733,69568,12140,12140
1734,62304,12147,12147
1735,69408,12154,12154
1736,62656,12161,12161
1737,67840,12168,12168
1738,64128,12175,12175
1739,65472,12182,12182
1740,65504,12189,12189
1741,63968,12196,12196
1742,67936,12203,12203
1743,62400,12210,12210
1744,69600,12217,12217
1745,62112,12224,12224
1746,69536,12231,12231
1747,62720,12238,12238
1748,67936,12245,12245
1749,63936,12252,12252
1750,65440,12259,12259
1751,62624,12266,12266
1752,68992,12273,12273
1753,62624,12280,12280
1754,67936,12287,12287
1755,64192,12294,12294
1756,65344,12301,12301
1757,65568,12308,12308
1758,64064,12315,12315
1759,67904,12322,12322
1760,62336,12329,12329
1761,69632,12336,12336
1762,62112,12343,12343
1763,69664,12350,12350
1764,62816,12357,12357
1765,67552,12364,12364
1766,64160,12371,12371
1767,65536,12378,12378
1768,65600,12385,12385
1769,63968,12392,12392
1770,67904,12399,12399
1771,62464,12406,12406
1772,69504,12413,12413
1773,61888,12420,12420
1774,69504,12427,12427
1775,62688,12434,12434
1776,67936,12441,12441
1777,64032,12448,12448
1778,65632,12455,12455
1779,65472,12462,12462
1780,63872,12469,12469
1781,68032,12476,12476
1782,62304,12483,12483
1783,69664,12490,12490
1784,62144,12497,12497
1785,69600,12504,12504
1786,62560,12511,12511
1787,67904,12518,12518
1788,64064,12525,12525
1789,65472,12532,12532
1790,65504,12539,12539
1791,64000,12546,12546
1792,67968,12553,12553
1793,62368,12560,12560
1794,69632,12567,12567
1795,62208,12574,12574
1796,69440,12581,12581
1797,62720,12588,12588
1798,67808,12595,12595
1799,64160,12602,12602
1800,65440,12609,12609
1801,62048,12616,12616
1802,69536,12623,12623
1803,62752,12630,12630
1804,67840,12637,12637
1805,64128,12644,12644
1806,65536,12651,12651
1807,65440,12658,12658
1808,64064,12665,12665
1809,67968,12672,12672
1810,62432,12679,12679
1811,69664,12686,12686
1812,62080,12693,12693
1813,69504,12700,12700
1814,62784,12707,12707
1815,67744,12714,12714
1816,64192,12721,12721
1817,65472,12728,12728
1818,65568,12735,12735
1819,64096,12742,12742
1820,67840,12749,12749
1821,62400,12756,12756
1822,69632,12763,12763
1823,62208,12770,12770
1824,69472,12777,12777
1825,62656,12784,12784
1826,67808,12791,12791
1827,64416,12798,12798
1828,65184,12805,12805
1829,65600,12812,12812
1830,63936,12819,12819
1831,67936,12826,12826
1832,62432,12833,12833
1833,69664,12840,12840
1834,62176,12847,12847
1835,69632,12854,12854
1836,62560,12861,12861
1837,67840,12868,12868
1838,63936,12875,12875
1839,65472,12882,12882
1840,65504,12889,12889
1841,64032,12896,12896
1842,67936,12903,12903
1843,62464,12910,12910
1844,69536,12917,12917
1845,62112,12924,12924
1846,69536,12931,12931
1847,62624,12938,12938
1848,68032,12945,12945
1849,63936,12952,12952
1850,65408,12959,12959
1851,62208,12966,12966
1852,69376,12973,12973
1853,62624,12980,12980
1854,67968,12987,12987
1855,64128,12994,12994
1856,65440,13001,13001
1857,65568,13008,13008
1858,64096,13015,13015
1859,67968,13022,13022
1860,62336,13029,13029
1861,69696,13036,13036
1862,62048,13043,13043
1863,69536,13050,13050
1864,62656,13057,13057
1865,67840,13064,13064
1866,64096,13071,13071
1867,65632,13078,13078
1868,65504,13085,13085
1869,63936,13092,13092
1870,67968,13099,13099
1871,62432,13106,13106
1872,69600,13113,13113
1873,62112,13120,13120
1874,69536,13127,13127
1875,62720,13134,13134
1876,67776,13141,13141
1877,64128,13148,13148
1878,65440,13155,13155
1879,65728,13162,13162
1880,63968,13169,13169
1881,67808,13176,13176
1882,62400,13183,13183
1883,69760,13190,13190
1884,62112,13197,13197
1885,69472,13204,13204
1886,62528,13211,13211
1887,67744,13218,13218
1888,64192,13225,13225
1889,65376,13232,13232
1890,65600,13239,13239
1891,64160,13246,13246
1892,67744,13253,13253
1893,62400,13260,13260
1894,69632,13267,13267
1895,62208,13274,13274
1896,69440,13281,13281
1897,62656,13288,13288
1898,67872,13295,13295
1899,64160,13302,13302
1900,65408,13309,13309
1901,62112,13316,13316
1902,69504,13323,13323
1903,62752,13330,13330
1904,67840,13337,13337
1905,64224,13344,13344
1906,65344,13351,13351
1907,65632,13358,13358
1908,64064,13365,13365
1909,68096,13372,13372
1910,62208,13379,13379
1911,69600,13386,13386
1912,62176,13393,13393
1913,69312,13400,13400
1914,62624,13407,13407
1915,67936,13414,13414
1916,64032,13421,13421
1917,65600,13428,13428
1918,65504,13435,13435
1919,64000,13442,13442
1920,67936,13449,13449
1921,62400,13456,13456
1922,69600,13463,13463
1923,62240,13470,13470
1924,69472,13477,13477
1925,62688,13484,13484
1926,67552,13491,13491
1927,64096,13498,13498
1928,65472,13505,13505
1929,65568,13512,13512
1930,63968,13519,13519
1931,68000,13526,13526
1932,62464,13533,13533
1933,69568,13540,13540
1934,62048,13547,13547
1935,69536,13554,13554
1936,62720,13561,13561
1937,67776,13568,13568
1938,64160,13575,13575
1939,65472,13582,13582
1940,65376,13589,13589
1941,64000,13596,13596
1942,67968,13603,13603
1943,62368,13610,13610
1944,69664,13617,13617
1945,62176,13624,13624
1946,69376,13631,13631
1947,62688,13638,13638
1948,67712,13645,13645
1949,64128,13652,13652
1950,65504,13659,13659
1951,62208,13666,13666
1952,69312,13673,13673
1953,62624,13680,13680
1954,67904,13687,13687
1955,64192,13694,13694
1956,65376,13701,13701
1957,65568,13708,13708
1958,64064,13715,13715
1959,67904,13722,13722
1960,62432,13729,13729
1961,69600,13736,13736
1962,62144,13743,13743
1963,69568,13750,13750
1964,62592,13757,13757
1965,67808,13764,13764
1966,64160,13771,13771
1967,65472,13778,13778
1968,65472,13785,13785
1969,64000,13792,13792
1970,67968,13799,13799
1971,62464,13806,13806
1972,69600,13813,13813
1973,62272,13820,13820
1974,69312,13827,13827
1975,62688,13834,13834
1976,67808,13841,13841
1977,64192,13848,13848
1978,65376,13855,13855
1979,65664,13862,13862
1980,63936,13869,13869
1981,67936,13876,13876
1982,62400,13883,13883
1983,69696,13890,13890
1984,62144,13897,13897
1985,69504,13904,13904
1986,62656,13911,13911
1987,68192,13918,13918
1988,63808,13925,13925
1989,65280,13932,13932
1990,65536,13939,13939
1991,64032,13946,13946
1992,67936,13953,13953
1993,62464,13960,13960
1994,69600,13967,13967
1995,62208,13974,13974
1996,69472,13981,13981
1997,62624,13988,13988
1998,67936,13995,13995
1999,64032,14002,14002
2000,65440,14009,14009
2001,62112,14016,14016
2002,69472,14023,14023
2003,62752,14030,14030
2004,67872,14037,14037
2005,63936,14044,14044
2006,65440,14051,14051
2007,65536,14058,14058
2008,64160,14065,14065
2009,67872,14072,14072
2010,62432,14079,14079
2011,69696,14086,14086
2012,62048,14093,14093
2013,69728,14100,14100
2014,62752,14107,14107
2015,67808,14114,14114
2016,64128,14121,14121
2017,65536,14128,14128
2018,65600,14135,14135
2019,64032,14142,14142
2020,67872,14149,14149
2021,62144,14156,14156
2022,69664,14163,14163
2023,62080,14170,14170
2024,69568,14177,14177
2025,62624,14184,14184
2026,67840,14191,14191
2027,64224,14198,14198
2028,65344,14205,14205
2029,65536,14212,14212
2030,64032,14219,14219
2031,67936,14226,14226
2032,62496,14233,14233
2033,69568,14240,14240
2034,62176,14247,14247
2035,69696,14254,14254
2036,62528,14261,14261
2037,67808,14268,14268
2038,64064,14275,14275
2039,65472,14282,14282
2040,65536,14289,14289
2041,64064,14296,14296
2042,67872,14303,14303
2043,62496,14310,14310
2044,69536,14317,14317
2045,62144,14324,14324
2046,69504,14331,14331
2047,62624,14338,14338
2048,67808,14345,14345
2049,64096,14352,14352
2050,65472,14359,14359
2051,62144,14366,14366
2052,69344,14373,14373
2053,62464,14380,14380
2054,67840,14387,14387
2055,64032,14394,14394
2056,65408,14401,14401
2057,65504,14408,14408
2058,63808,14415,14415
2059,68000,14422,14422
2060,62240,14429,14429
2061,69504,14436,14436
2062,62176,14443,14443
2063,69440,14450,14450
2064,62592,14457,14457
2065,67744,14464,14464
2066,64000,14471,14471
2067,65728,14478,14478
2068,65312,14485,14485
2069,64064,14492,14492
2070,67744,14499,14499
2071,62336,14506,14506
2072,69504,14513,14513
2073,62176,14520,14520
2074,69568,14527,14527
2075,62592,14534,14534
2076,67648,14541,14541
2077,64096,14548,14548
2078,65376,14555,14555
2079,65472,14562,14562
2080,63936,14569,14569
2081,68000,14576,14576
2082,62240,14583,14583
2083,69632,14590,14590
2084,62080,14597,14597
2085,69408,14604,14604
2086,62592,14611,14611
2087,67840,14618,14618
2088,64128,14625,14625
2089,65216,14632,14632
2090,65440,14639,14639
2091,63872,14646,14646
2092,69216,14653,14653
2093,62368,14660,14660
2094,69472,14667,14667
2095,62176,14674,14674
2096,69408,14681,14681
2097,62720,14688,14688
2098,67648,14695,14695
2099,64000,14702,14702
2100,65408,14709,14709
2101,62144,14716,14716
2102,69728,14723,14723
2103,62400,14730,14730
2104,67936,14737,14737
2105,64096,14744,14744
2106,65536,14751,14751
2107,65504,14758,14758
2108,64128,14765,14765
2109,67904,14772,14772
2110,62528,14779,14779
2111,69472,14786,14786
2112,62176,14793,14793
2113,69536,14800,14800
2114,62624,14807,14807
2115,67840,14814,14814
2116,64224,14821,14821
2117,65440,14828,14828
2118,65568,14835,14835
2119,64064,14842,14842
2120,67840,14849,14849
2121,62368,14856,14856
2122,840032,14863,14863
2123,62752,14870,14870
2124,69504,14877,14877
2125,62624,14884,14884
2126,67872,14891,14891
2127,64064,14898,14898
2128,65472,14905,14905
2129,65664,14912,14912
2130,63840,14919,14919
2131,67744,14926,14926
2132,62400,14933,14933
2133,69632,14940,14940
2134,62176,14947,14947
2135,69568,14954,14954
2136,62720,14961,14961
2137,67808,14968,14968
2138,64096,14975,14975
2139,65408,14982,14982
2140,65568,14989,14989
2141,64032,14996,14996
2142,67904,15003,15003
2143,62400,15010,15010
2144,69760,15017,15017
2145,62016,15024,15024
2146,69632,15031,15031
2147,62560,15038,15038
2148,67840,15045,15045
2149,64128,15052,15052
2150,65440,15059,15059
2151,62080,15066,15066
2152,69568,15073,15073
2153,62592,15080,15080
2154,67936,15087,15087
2155,64128,15094,15094
2156,65408,15101,15101
2157,65600,15108,15108
2158,64032,15115,15115
2159,67936,15122,15122
2160,62272,15129,15129
2161,69568,15136,15136
2162,62112,15143,15143
2163,69568,15150,15150
2164,62656,15157,15157
2165,67808,15164,15164
2166,64160,15171,15171
2167,65632,15178,15178
2168,65600,15185,15185
2169,63936,15192,15192
2170,67904,15199,15199
2171,62528,15206,15206
2172,69504,15213,15213
2173,62112,15220,15220
2174,69728,15227,15227
2175,62592,15234,15234
2176,67776,15241,15241
2177,64160,15248,15248
2178,65344,15255,15255
2179,65536,15262,15262
2180,64000,15269,15269
2181,68000,15276,15276
2182,62432,15283,15283
2183,69664,15290,15290
2184,62144,15297,15297
2185,69408,15304,15304
2186,62624,15311,15311
2187,67872,15318,15318
2188,64032,15325,15325
2189,65440,15332,15332
2190,65568,15339,15339
2191,64032,15346,15346
2192,68160,15353,15353
2193,62144,15360,15360
2194,69664,15367,15367
2195,62336,15374,15374
2196,69568,15381,15381
2197,62528,15388,15388
2198,67712,15395,15395
2199,64096,15402,15402
2200,64768,15409,15409
2201,616928,15416,15416
2202,69376,15423,15423
2203,62592,15430,15430
2204,68128,15437,15437
2205,64160,15444,15444
2206,65216,15451,15451
2207,65888,15458,15458
2208,63872,15465,15465
2209,67712,15472,15472
2210,62400,15479,15479
2211,69568,15486,15486
2212,62112,15493,15493
2213,69632,15500,15500
2214,62560,15507,15507
2215,67808,15514,15514
2216,63456,15521,15521
2217,217632,15528,15528
2218,65408,15535,15535
2219,64000,15542,15542
2220,67904,15549,15549
2221,62432,15556,15556
2222,69600,15563,15563
2223,62112,15570,15570
2224,69888,15577,15577
2225,62560,15584,15584
2226,67616,15591,15591
2227,64160,15598,15598
2228,65376,15605,15605
2229,65728,15612,15612
2230,63936,15619,15619
2231,67744,15626,15626
2232,62464,15633,15633
2233,69632,15640,15640
2234,62176,15647,15647
2235,69504,15654,15654
2236,62656,15661,15661
2237,67872,15668,15668
2238,64128,15675,15675
2239,65440,15682,15682
2240,65632,15689,15689
2241,63936,15696,15696
2242,68000,15703,15703
2243,62368,15710,15710
2244,69632,15717,15717
2245,62432,15724,15724
2246,68992,15731,15731
2247,62688,15738,15738
2248,67904,15745,15745
2249,64032,15752,15752
2250,65408,15759,15759
2251,62080,15766,15766
2252,69472,15773,15773
2253,62656,15780,15780
2254,67904,15787,15787
2255,64352,15794,15794
2256,65312,15801,15801
2257,65472,15808,15808
2258,64064,15815,15815
2259,67936,15822,15822
2260,62336,15829,15829
2261,69440,15836,15836
2262,62144,15843,15843
2263,69536,15850,15850
2264,62720,15857,15857
2265,67744,15864,15864
2266,64128,15871,15871
2267,65504,15878,15878
2268,65632,15885,15885
2269,63968,15892,15892
2270,67936,15899,15899
2271,62368,15906,15906
2272,69792,15913,15913
2273,61728,15920,15920
2274,69568,15927,15927
2275,62624,15934,15934
2276,67808,15941,15941
2277,64128,15948,15948
2278,65408,15955,15955
2279,65568,15962,15962
2280,64096,15969,15969
2281,67840,15976,15976
2282,62368,15983,15983
2283,69696,15990,15990
2284,62208,15997,15997
2285,69472,16004,16004
2286,62688,16011,16011
2287,67776,16018,16018
2288,64256,16025,16025
2289,65344,16032,16032
2290,65536,16039,16039
2291,64032,16046,16046
2292,68064,16053,16053
2293,62272,16060,16060
2294,69632,16067,16067
2295,62080,16074,16074
2296,69440,16081,16081
2297,62688,16088,16088
2298,67744,16095,16095
2299,64192,16102,16102
2300,65376,16109,16109
2301,62208,16116,16116
2302,69408,16123,16123
2303,62432,16130,16130
2304,68032,16137,16137
2305,63872,16144,16144
2306,65440,16151,16151
2307,65440,16158,16158
2308,64000,16165,16165
2309,67936,16172,16172
2310,62304,16179,16179
2311,69504,16186,16186
2312,62240,16193,16193
2313,69408,16200,16200
2314,62560,16207,16207
2315,67840,16214,16214
2316,63872,16221,16221
2317,65536,16228,16228
2318,65472,16235,16235
2319,63936,16242,16242
2320,68000,16249,16249
2321,62272,16256,16256
2322,69504,16263,16263
2323,62144,16270,16270
2324,69408,16277,16277
2325,62496,16284,16284
2326,67808,16291,16291
2327,64032,16298,16298
2328,65600,16305,16305
2329,65280,16312,16312
2330,63680,16319,16319
2331,67840,16326,16326
2332,62336,16333,16333
2333,69632,16340,16340
2334,62176,16347,16347
2335,69440,16354,16354
2336,62656,16361,16361
2337,67744,16368,16368
2338,64000,16375,16375
2339,65440,16382,16382
2340,65504,16389,16389
2341,63936,16396,16396
2342,67872,16403,16403
2343,62336,16410,16410
2344,69600,16417,16417
2345,62080,16424,16424
2346,69408,16431,16431
2347,62592,16438,16438
2348,67808,16445,16445
2349,64224,16452,16452
2350,65184,16459,16459
2351,62144,16466,16466
2352,69632,16473,16473
2353,62688,16480,16480
2354,68000,16487,16487
2355,64320,16494,16494
2356,65408,16501,16501
2357,65568,16508,16508
2358,64192,16515,16515
2359,68032,16522,16522
2360,62528,16529,16529
2361,69664,16536,16536
2362,62048,16543,16543
2363,69600,16550,16550
2364,62688,16557,16557
2365,68000,16564,16564
2366,64224,16571,16571
2367,65440,16578,16578
2368,65696,16585,16585
2369,64128,16592,16592
2370,67872,16599,16599
2371,62464,16606,16606
2372,69664,16613,16613
2373,62208,16620,16620
2374,69696,16627,16627
2375,62624,16634,16634
2376,67968,16641,16641
2377,64064,16648,16648
2378,65472,16655,16655
2379,65600,16662,16662
2380,64096,16669,16669
2381,67968,16676,16676
2382,62496,16683,16683
2383,69536,16690,16690
2384,62336,16697,16697
2385,69472,16704,16704
2386,62720,16711,16711
2387,67936,16718,16718
2388,64160,16725,16725
2389,65600,16732,16732
2390,65504,16739,16739
2391,64096,16746,16746
2392,68128,16753,16753
2393,62400,16760,16760
2394,69600,16767,16767
2395,62304,16774,16774
2396,69472,16781,16781
2397,62720,16788,16788
2398,68032,16795,16795
2399,64096,16802,16802
2400,65568,16809,16809
2401,62112,16816,16816
2402,69376,16823,16823
2403,62720,16830,16830
2404,67872,16837,16837
2405,64160,16844,16844
2406,65472,16851,16851
2407,65568,16858,16858
2408,64192,16865,16865
2409,67808,16872,16872
2410,62464,16879,16879
2411,69632,16886,16886
2412,62144,16893,16893
2413,69568,16900,16900
2414,62624,16907,16907
2415,67872,16914,16914
2416,64192,16921,16921
2417,65472,16928,16928
2418,65568,16935,16935
2419,64000,16942,16942
2420,67936,16949,16949
2421,62400,16956,16956
2422,69664,16963,16963
2423,62208,16970,16970
2424,69536,16977,16977
2425,62720,16984,16984
2426,67488,16991,16991
2427,64096,16998,16998
2428,65440,17005,17005
2429,65568,17012,17012
2430,64000,17019,17019
2431,67904,17026,17026
2432,62464,17033,17033
2433,69600,17040,17040
2434,62176,17047,17047
2435,69632,17054,17054
2436,62560,17061,17061
2437,67840,17068,17068
2438,64128,17075,17075
2439,65504,17082,17082
2440,65344,17089,17089
2441,63904,17096,17096
2442,67936,17103,17103
2443,62400,17110,17110
2444,69632,17117,17117
2445,62176,17124,17124
2446,69536,17131,17131
2447,62624,17138,17138
2448,67936,17145,17145
2449,64000,17152,17152
2450,65440,17159,17159
2451,62112,17166,17166
2452,69472,17173,17173
2453,62656,17180,17180
2454,67968,17187,17187
2455,64064,17194,17194
2456,65696,17201,17201
2457,65376,17208,17208
2458,64128,17215,17215
2459,67936,17222,17222
2460,62368,17229,17229
2461,69632,17236,17236
2462,62144,17243,17243
2463,69568,17250,17250
2464,62752,17257,17257
2465,67648,17264,17264
2466,64224,17271,17271
2467,65376,17278,17278
2468,65536,17285,17285
2469,64064,17292,17292
2470,67840,17299,17299
2471,62592,17306,17306
2472,69664,17313,17313
2473,61952,17320,17320
2474,69472,17327,17327
2475,62688,17334,17334
2476,67744,17341,17341
2477,64096,17348,17348
2478,65440,17355,17355
2479,65536,17362,17362
2480,64000,17369,17369
2481,67936,17376,17376
2482,62400,17383,17383
2483,69664,17390,17390
2484,62144,17397,17397
2485,69536,17404,17404
2486,62656,17411,17411
2487,67808,17418,17418
2488,64128,17425,17425
2489,65440,17432,17432
2490,65536,17439,17439
2491,64000,17446,17446
2492,67936,17453,17453
2493,62432,17460,17460
2494,69600,17467,17467
2495,62176,17474,17474
2496,69536,17481,17481
2497,62688,17488,17488
2498,67808,17495,17495
2499,64128,17502,17502
2500,65408,17509,17509
2501,329440,17511,17511
